id,burnout,context
cyrm1q,1,professional
31567e,1,professional
mqjd19,1,professional
acthtb,0,None
anwgx2,0,None
s5vxyq,0,None
tqf0tc,1,professional
6htydr,1,personal
vga7h6,1,personal
ege8cv,1,non-traditional
2eyxgl,0,None
kmhin8,1,personal
kujj11,1,personal
qdhbqf,1,personal
k4wggi,1,personal
tcbyuh,1,personal
qjxqm4,1,personal
9xpqgh,0,None
imjpdl,1,personal
oye87t,1,professional
60stu2,0,None
k9jwll,1,professional
v16wcu,1,personal
p50vr0,1,personal
tzt0zn,1,professional
8rdcgu,0,None
kn41jf,0,None
9xj7m2,0,None
utzxm8,1,professional
mm6ce0,1,professional
tdjojo,0,None
7vop63,1,professional
26207p,0,None
pe4izr,1,personal
l33bre,0,None
rfisd5,0,None
hkfhb3,1,professional
l8dm6f,1,personal
uf1igr,1,professional
o6faxy,1,professional
3crjby,1,non-traditional
stjq2o,1,professional
jxgmam,1,professional
etljoh,0,None
uggvd9,1,non-traditional
rt362a,1,professional
kq4id3,1,professional
uontup,0,None
2pkyfo,0,None
8c033c,1,personal
qfn71b,1,personal
9gy5p1,0,None
ikp853,1,professional
q22mr0,1,non-traditional
u6wipr,1,personal
n7csmz,1,personal
qbss3d,0,None
4t7l9h,1,personal
9q8yba,1,personal
s33chy,1,non-traditional
cx1oir,0,None
55lgus,1,personal
t2w0wj,1,professional
c3zilz,1,professional
jl8br2,0,None
tl4vux,1,non-traditional
6fh1w7,0,None
og5suj,1,non-traditional
r9p449,0,None
i7vl7j,0,None
v4e5u2,0,None
kmwbqn,1,personal
twc238,1,non-traditional
i6sry0,1,professional
beoqx4,1,personal
ki7dok,1,personal
jzzzbv,0,None
ciilm7,0,None
m2ak3s,1,personal
92dcq0,1,professional
f3lvil,1,personal
jo4ya7,1,professional
ue3uzf,1,non-traditional
b3r12i,1,personal
3hbxgx,1,personal
lim46m,1,personal
udoesr,1,non-traditional
kxksns,0,None
a2twoc,1,non-traditional
lldg5h,0,None
ou9lmm,0,None
unlm1p,1,professional
u86ex5,1,personal
ipihmw,1,personal
2zjstr,0,None
k13pnf,1,professional
kaee75,1,professional
bgpmjo,1,professional
9kn0gg,1,personal
7ofxwr,1,professional
tiot76,0,None
sk5u2f,1,professional
2w1yhr,0,None
amjl25,0,None
e0k0qn,1,professional
sk3t9y,1,professional
rgm5if,1,professional
qo2u0r,1,personal
nuv354,0,None
qo6pcd,1,professional
nwf7mc,1,professional
v11d99,1,personal
qbh3p2,1,personal
5oohkt,0,None
pn1py7,1,professional
9acwx4,0,None
3bw6fx,1,professional
8wanuw,0,None
ogmjl3,1,non-traditional
kwxuqr,1,personal
2azf46,0,None
rxqgas,1,professional
uwobyf,1,non-traditional
qug3td,1,personal
8h3nws,0,None
t1qvdg,1,professional
k18my7,1,personal
spnl1f,1,professional
v782rw,1,non-traditional
1yszog,0,None
tsutue,1,professional
ejvidd,1,professional
ipxtdz,0,None
cenpuk,1,personal
v0zxix,1,personal
3mqvot,1,professional
m13mya,1,personal
c6321e,1,personal
41jwmk,1,professional
qksu5z,1,personal
qepzfx,1,personal
9qv61r,1,professional
uyi54z,1,non-traditional
biy9so,1,non-traditional
bw9b5r,1,personal
8dqt0c,1,non-traditional
327438,1,personal
u3syfo,1,personal
u548da,1,non-traditional
u6qhh6,1,non-traditional
9wtqae,1,personal
90repy,0,None
21j0el,1,non-traditional
tkr8cp,0,None
ie0faz,1,non-traditional
2rbmt0,1,non-traditional
83q5xl,0,None
balmsi,1,personal
5j9qzx,1,personal
haltrb,1,professional
i4aziz,1,professional
oox6qf,0,None
9cn2xh,0,None
p06ji4,1,personal
38b1ym,1,personal
8ggux9,0,None
bg4e5k,1,personal
gfvwv8,0,None
66onnx,0,None
l1maih,0,None
kuwomc,1,professional
n4m12r,1,professional
ry3t4w,1,non-traditional
39ngnu,0,None
9vb170,1,personal
4drubx,0,None
bf988m,0,None
ahtzdg,0,None
6230vg,1,professional
txcdwb,1,professional
3xhby8,1,professional
8bbqpc,1,personal
1ymgxq,0,None
2obsky,0,None
swxikr,1,personal
bsncdu,0,None
q3avcl,0,None
fx7v6g,1,non-traditional
7v9gtj,1,personal
rsizs0,0,None
5eo36t,0,None
mxmq0a,1,personal
tfc7i2,1,personal
rnnftw,1,personal
j8nvi3,1,professional
ngf861,1,personal
t4fk4d,1,professional
rh0s83,0,None
lx8sut,0,None
qcs7k6,0,None
8ifklx,0,None
8fsvvl,0,None
u2gkwn,1,professional
vk9a42,1,personal
tbfygn,0,None
i5dzgu,1,personal
p1eb6a,1,non-traditional
pgc8id,0,None
5mvv6d,1,personal
jzo7sz,1,professional
se6mr1,1,professional
rb8jfx,1,professional
n86oo5,0,None
cdcqx7,1,non-traditional
rm8wme,1,professional
9fua8i,1,professional
gdtnbk,1,personal
5hsqu3,1,professional
ta5tgj,0,None
peo5re,0,None
uhsaqq,1,professional
jtp5de,1,professional
pf0eq4,1,professional
ssjk4o,1,professional
fhfhzn,1,personal
4cius6,1,personal
h0yar4,1,personal
ff0tmm,1,professional
a0uqc8,1,personal
8vvm6q,0,None
rijr1l,0,None
ls9cfd,1,professional
n00gcd,1,professional
msikle,1,professional
qenyz0,1,personal
k30zh1,1,personal
ls697z,1,professional
510yft,0,None
bjrzit,0,None
u8lj5n,1,professional
ughvy0,1,non-traditional
ikd3dh,0,None
p6uy5f,1,professional
tgz6i6,1,personal
ppggju,1,personal
ngryll,0,None
c3faud,1,professional
en94qu,1,personal
4azezy,1,professional
jssxbu,1,professional
iouj1w,0,None
flhp6b,1,personal
ci3scm,1,personal
at7k5w,1,professional
pbzmd6,1,personal
rn68xo,1,non-traditional
q0c7mc,1,personal
k0hs48,1,personal
v00zvs,0,None
kfrl5x,0,None
8aumx4,1,personal
m4ycr0,0,None
3l0ids,0,None
kutbbx,1,non-traditional
os8gpr,1,non-traditional
lan5li,1,personal
u06mor,1,professional
9cki8f,1,non-traditional
qjs34h,0,None
36ossl,1,personal
puo9zb,1,professional
9l31is,1,personal
tvs22f,1,professional
nul0sd,0,None
b69wpz,1,personal
78w12u,0,None
erhhf4,1,professional
imh7zg,1,professional
evs1xx,1,personal
ndq8oq,1,personal
4vk2e8,0,None
lcecap,1,professional
dqptku,1,personal
t5zfhl,1,personal
r6wbla,0,None
a8sv9u,0,None
nq2nq8,0,None
5hu6fu,0,None
3i3qua,1,professional
aj2qfv,1,personal
45rnvj,1,personal
jmu0r6,1,non-traditional
f27g2c,0,None
a0t3b2,1,personal
oywk7b,1,professional
8s3kok,0,None
9oqauh,0,None
szwzys,1,non-traditional
oo2bzp,0,None
qny1nk,0,None
kx60g8,1,professional
lo1dt8,1,personal
edmsmo,0,None
qnowdc,1,non-traditional
614h6b,0,None
8guhg9,1,non-traditional
m3a5t2,1,non-traditional
e1i88h,0,None
hzwz4b,1,personal
333kyr,1,professional
oo9q1r,0,None
7moe0j,1,personal
doa6u4,0,None
hiejtl,1,personal
vlh4vx,1,non-traditional
q63i5v,1,professional
nv7le2,0,None
ondidv,1,professional
rogofm,1,non-traditional
s1qf6f,1,personal
ufwuqb,0,None
tw263h,0,None
pn6i14,1,professional
jkguoq,1,professional
m066ib,1,professional
99vrco,0,None
tyrigt,0,None
e48pr5,0,None
pl958i,1,personal
4gp7ai,1,personal
pbd3xp,1,professional
muoi32,1,personal
pfa18g,0,None
3ipqw3,1,non-traditional
grisp5,1,professional
es5vzd,0,None
55en9z,0,None
ivab4m,1,professional
kxuht5,0,None
nsl2vp,1,non-traditional
nsl59z,1,professional
kaj9bh,0,None
r52k3i,1,professional
nq9hp9,1,non-traditional
fa9k60,1,non-traditional
bio9qi,0,None
gx0w4z,0,None
2z8xp7,0,None
8l34wz,1,professional
v28jwz,1,non-traditional
ibj48c,1,professional
ull4t2,0,None
u36c0a,1,professional
bl246u,1,personal
3nje56,0,None
oan6fe,0,None
7j7l0d,0,None
l1hxep,0,None
po85sr,1,non-traditional
29smzu,0,None
goqqim,1,professional
avt702,0,None
2sb4ec,0,None
j8kvf1,1,non-traditional
q66olp,1,personal
b51400,1,professional
fqfwcu,0,None
ua1nnr,1,professional
ulc7n9,1,personal
s94aax,1,non-traditional
r92a08,1,professional
qv07lz,0,None
oojbeh,0,None
e8mpmy,1,non-traditional
l48jrn,0,None
9mzgq6,1,professional
3vmqwm,1,personal
ui6jc7,1,non-traditional
muo2dl,0,None
q6q7xj,1,professional
rbs1vm,1,professional
4plpl0,1,personal
6gsozq,0,None
fjznsa,0,None
itqk7c,1,personal
5y121p,0,None
9sdmp1,0,None
r1gh76,1,personal
45n2hx,0,None
tu2try,1,professional
lp20td,1,personal
sd88rd,0,None
d8ptf9,0,None
dgpsah,0,None
t6l88k,1,professional
6prt7h,0,None
c5ja6s,1,professional
iy4iu8,1,professional
q1j67n,1,personal
jxm5ic,1,professional
q6bq4u,0,None
sol7yc,1,professional
baxftb,1,personal
szs03n,1,professional
6f60f0,1,non-traditional
k5jief,0,None
fitgdt,1,professional
oae4fq,0,None
kb4tib,1,non-traditional
5rgusk,0,None
sohjz0,1,non-traditional
5homhw,1,personal
l7y2ry,1,non-traditional
ms5qcg,0,None
73i361,0,None
4z7mt6,1,personal
sp7oc2,1,professional
6myos3,1,personal
kujeqc,1,personal
5fz0ym,1,professional
5exv10,0,None
br68lm,0,None
6ficd4,0,None
v23e9g,1,non-traditional
oysqks,0,None
bmf042,1,personal
2280eq,0,None
r1ynce,1,professional
nv2seu,0,None
kuprw2,1,personal
u87dqu,1,personal
t4en9v,1,personal
4yxpxx,1,professional
92frgw,0,None
rsfkfo,1,professional
qymp1y,1,professional
btr903,0,None
km23bh,0,None
izjl4n,1,non-traditional
5zeflq,0,None
j5zo15,1,professional
75txkf,1,professional
jfp21i,1,professional
7b154t,0,None
tm7l35,0,None
6vmbkd,1,professional
g2o20i,0,None
qbpz7b,1,personal
k58w41,0,None
81ekhy,0,None
pbi9bm,1,professional
u57ht1,1,personal
951kir,1,professional
4z31pb,0,None
rovjk5,1,professional
hg0m93,1,personal
hdhyfi,1,personal
blt4oq,1,professional
q3e350,1,professional
8751sf,1,personal
mxdvh5,1,professional
l8pmr8,1,non-traditional
n5hnec,0,None
avl33e,0,None
npxsst,1,non-traditional
3fv7ku,1,professional
s0a5aw,1,professional
dsy1bt,1,professional
lbxt3h,1,professional
nfjhrj,1,personal
tsznx0,1,personal
pt3z10,1,professional
kgwqvz,0,None
pvnfdu,1,professional
qh6tz4,1,personal
8usyl9,0,None
i8hspo,1,personal
dh80qp,1,professional
qxopyx,0,None
fu2hsn,1,personal
sws412,1,personal
s2y12s,1,professional
sot2d3,1,personal
q4dddr,1,personal
t6db55,1,personal
5qa6eg,1,personal
m6c9aa,0,None
jz0k19,1,professional
fc3t20,1,professional
miyzhz,1,personal
8esmyw,1,personal
7jn6c2,0,None
vkfck3,1,personal
qeevus,1,professional
gpj9kf,1,professional
evqhkk,1,non-traditional
defvvp,0,None
asumwq,1,personal
orbtml,0,None
cf1jew,0,None
dksthh,1,professional
cb1xor,1,personal
gdegov,0,None
2wdafk,1,professional
askskt,0,None
mgjfm0,1,professional
upvuga,1,professional
up36ig,0,None
n1blmp,0,None
3rlzyl,1,personal
o7e6ku,1,non-traditional
4yz8be,0,None
o1gwv0,0,None
f6bjo3,1,personal
pfpaf8,1,professional
bkg1hq,0,None
tb9eta,1,professional
th320q,0,None
jihgug,0,None
rquks3,1,professional
halcnq,1,personal
lxz7vm,1,professional
tid195,1,professional
d87fes,1,professional
5ogvz3,1,personal
rdtfcd,1,personal
5yut00,0,None
srwlqc,1,professional
5f6fan,0,None
6cpfnn,1,personal
ui3689,1,professional
9izx36,0,None
qykec0,1,professional
94x6p7,1,personal
k4g9ik,1,personal
c7oruu,0,None
6i8h4k,0,None
um296o,1,non-traditional
rf16vb,0,None
az5xwx,0,None
9eg21o,0,None
pl3aip,1,personal
gfdxcj,1,non-traditional
gj7ot7,1,personal
4h2uqd,1,non-traditional
u4x449,1,professional
vgnhmo,0,None
tbse38,1,non-traditional
vg7obi,0,None
5646tv,1,professional
numggo,0,None
tu0kou,1,personal
1x3jkb,0,None
ble2v0,0,None
33y9vb,0,None
j8zl53,1,personal
4am6eg,1,non-traditional
32a6jm,1,personal
b1a2t2,1,non-traditional
fe74pt,1,professional
favfgh,1,professional
ntbt2i,0,None
kd5u8q,1,personal
g2211n,1,personal
q6qciu,0,None
5qhch3,1,professional
sz2wp3,0,None
diw8s6,0,None
syt45m,1,professional
3ty3zw,0,None
il5l91,0,None
bu64kd,1,professional
73kyki,1,personal
8rjj45,1,personal
6dlsn5,0,None
jdxpg8,1,professional
7avx07,1,professional
pqngx9,1,personal
a2ujnd,0,None
pd75hm,1,personal
6w8xrk,1,personal
squozr,1,non-traditional
e4v1p3,1,personal
tredj1,0,None
4keajg,0,None
lfzjaq,0,None
hums28,1,personal
hvmcie,1,professional
sdb4ie,0,None
fagya9,0,None
59op8c,0,None
89ty8i,1,professional
s9u9m7,1,non-traditional
jaj7ts,1,professional
krtau5,1,personal
ojwgn3,1,personal
tkredi,1,personal
evvpr9,1,personal
d5afku,1,professional
d401w5,1,professional
sbs0vc,1,personal
f8t083,1,personal
csnz93,1,professional
8b7d4n,0,None
58ylza,0,None
fiftjw,1,non-traditional
p5tk88,1,professional
iwqn2m,1,professional
axf2tz,1,professional
v4g8n0,0,None
b9bc9t,1,non-traditional
hffb8m,1,professional
8fmhp9,0,None
dguzmw,0,None
e1d2ka,1,personal
9eswtc,1,professional
6w2w8x,0,None
913qsf,1,personal
clh485,0,None
pi0svy,1,personal
pcfhjv,1,personal
aiz46g,1,personal
kbbbku,0,None
4n1h34,0,None
uv3egh,1,professional
l1ecfa,0,None
i2flsv,0,None
mfj110,0,None
glqo27,1,non-traditional
hae99p,1,personal
3842we,1,professional
4lswtb,1,professional
dq4dks,0,None
ugazt4,1,non-traditional
k3ltgv,1,professional
qx9jhe,1,professional
5tg2ap,1,personal
sn7x91,0,None
rxgoz8,0,None
e65m32,1,personal
e6ixvh,0,None
muyt6w,1,professional
ppz7nn,1,professional
k44i7s,1,personal
jb516d,1,non-traditional
ufd5au,1,professional
guad4j,1,professional
ny18mu,1,non-traditional
4b3b2o,1,personal
f50htv,0,None
l8mnqy,1,personal
syqr0j,0,None
630nl0,1,personal
msa8l6,1,professional
o5wcqj,1,non-traditional
5p7ujq,0,None
cg66zz,0,None
pwjesb,1,non-traditional
91xy7f,0,None
a08e6e,0,None
849p6x,1,personal
emrdqr,0,None
afex93,0,None
u83k4f,1,professional
98uapm,1,personal
mxsp85,1,non-traditional
f1bzoe,0,None
arp2el,1,non-traditional
rclwjr,0,None
30efpo,0,None
4985i6,0,None
665ymk,0,None
sjaivr,1,personal
uz28r2,0,None
uudwyu,1,non-traditional
ujjiph,1,professional
mhhofj,1,professional
bn6xaa,0,None
bsmk77,1,professional
hsqls6,1,professional
vkcwwo,1,professional
viyr7y,1,professional
u8j5xw,0,None
hgam9t,0,None
j8328r,1,professional
lt0bg7,1,non-traditional
c84j4s,0,None
448obq,1,personal
ed888z,1,personal
qwdgz3,1,personal
qdos0e,0,None
9ufu0y,1,professional
jrwfq7,1,personal
tymugx,0,None
pxlazl,1,non-traditional
jl62ys,1,professional
8s41f1,1,personal
sbzxyf,1,professional
afmw84,1,personal
pqdm9t,0,None
epiuxs,1,professional
cdbie0,0,None
pb3s77,1,professional
ujrm8y,0,None
dzgz9b,1,non-traditional
bak11l,0,None
9cgf8t,1,personal
thqnhc,1,personal
uu4cdo,1,personal
mx4pvt,1,non-traditional
armwqp,0,None
mit5wv,1,professional
39vcqj,1,non-traditional
dffobs,1,professional
cidoou,1,professional
pfznxc,1,personal
s3mubf,0,None
j7f8w9,1,professional
5vasg2,0,None
p41rom,1,personal
r4vb7o,1,personal
t6qks7,1,professional
p3crzi,1,professional
vhv8o7,1,personal
istrpm,0,None
3mt035,0,None
qa3sjq,0,None
r37a11,1,personal
vj3jlv,1,personal
mscjw5,1,non-traditional
kkqnzt,1,non-traditional
e2c6ou,1,non-traditional
9wza83,0,None
gpvse4,1,personal
nrqa0x,0,None
oeoyhn,1,non-traditional
ag3syk,0,None
jpe73g,0,None
jdatau,0,None
u275oz,1,professional
ihzi8t,1,personal
g9tlpm,1,personal
vcebm3,1,personal
u9ofiw,0,None
o02rjl,0,None
rh7b57,1,personal
eyy5ms,1,personal
838hcl,0,None
t50o3j,0,None
rb0e32,1,personal
en34ae,1,personal
h12qkv,1,non-traditional
gh95td,1,professional
urbpd2,1,professional
9libch,0,None
3noc94,0,None
pf7jkj,0,None
obtjjx,1,professional
qv13mk,0,None
qcoep7,1,professional
8mqh7c,0,None
9n7oei,0,None
ekbuvn,1,non-traditional
gxpio9,0,None
qc7nky,0,None
tld13u,1,personal
rpqe4v,1,personal
awwf91,0,None
kp3umu,1,professional
ks6g92,1,professional
nohu5y,1,professional
pqzw32,1,personal
aadnqf,1,personal
mu84ej,0,None
ad0d2y,1,personal
v46eed,1,personal
n5sufg,0,None
uwcrcy,1,professional
9z4pds,1,personal
89kp2s,1,personal
dercxv,0,None
e4ypwq,1,personal
kqdheh,1,professional
em7cpa,0,None
55xwhq,1,professional
3qalkl,1,personal
6quowy,1,professional
8evh4v,0,None
3gar3h,1,personal
pnfauh,1,professional
i64acs,0,None
727jzi,1,non-traditional
caqa1u,1,personal
3e8lq7,1,personal
e68154,0,None
b5pajq,1,personal
8i0awb,1,non-traditional
6yvmeh,0,None
k9kid0,1,professional
b7f66p,1,personal
ig2u7y,1,professional
j4n193,1,personal
i1fmax,0,None
d6yi1d,1,non-traditional
7xmcpx,0,None
3np7qm,0,None
dmdx53,0,None
pd5uim,1,professional
947fa9,1,non-traditional
44iubl,0,None
n04ktt,0,None
rg8502,0,None
sskb2h,1,professional
80ggtm,0,None
pud3py,1,non-traditional
d89x8b,0,None
96md1d,1,non-traditional
dao4k8,1,personal
ubushj,1,professional
c6dkog,1,professional
o1cfj6,1,non-traditional
n65024,1,professional
njlu3p,1,professional
iyycij,1,personal
ph0hxx,1,personal
9ku7y7,1,professional
dal5g9,0,None
c7i2es,1,professional
v4f5vs,1,professional
sylmp8,1,non-traditional
n3ratj,1,professional
evk7hl,1,professional
d0x0gh,1,non-traditional
op108p,0,None
p3scnr,1,personal
tfsywq,1,personal
onghhk,0,None
bqznf0,1,personal
im0wzi,1,personal
8vhp3c,1,personal
9kkgh1,0,None
sjc3s9,0,None
kwqs34,0,None
sqxjpb,1,non-traditional
mi5hc0,1,professional
ips7wo,1,personal
fci86k,1,non-traditional
pxzuzp,1,personal
vdowdq,1,personal
b9slp7,1,professional
an9oqm,1,personal
2akde2,0,None
vkwnt3,1,personal
o401n5,1,professional
5rdmba,0,None
l2dyif,1,personal
8dt1p8,1,personal
sak9dc,0,None
2lvhx7,1,personal
bp1brr,1,non-traditional
6n4k1o,0,None
7g3aov,0,None
s9g2kq,1,non-traditional
fvxc61,0,None
8bq7ef,1,personal
2x7gja,0,None
4542aq,0,None
qga7wb,0,None
4ertel,1,professional
tfrglo,1,personal
7pum36,1,personal
p9xnro,0,None
5nqb57,0,None
o77sn5,1,personal
7l31tk,1,personal
p05bxm,1,personal
lppj1z,1,personal
3hxqks,1,professional
j163wb,0,None
lw8km4,0,None
t4kqzd,1,professional
vau7vt,0,None
6xuwxp,1,personal
r4jvz7,1,non-traditional
o41miy,1,personal
hl9ocy,0,None
c0rucm,1,personal
fe6ohq,1,non-traditional
j39rrf,1,personal
ftgnry,1,personal
l11bob,0,None
tm14nw,1,professional
gv0jof,1,personal
r90v0j,1,professional
u963sb,1,professional
tyutsi,1,personal
uf535m,0,None
9slf9j,1,professional
54t38l,1,personal
4zac8f,0,None
f2xels,1,professional
aqq3w5,0,None
q8qo2i,1,professional
cfypa1,0,None
9jpa8d,1,non-traditional
e2s3tt,1,personal
96j5dz,0,None
ub6zt0,1,personal
3gvsjo,1,personal
akjosg,0,None
4ku2t8,1,professional
6lmxtw,1,professional
hiulm4,0,None
vgc6eg,1,personal
rj0ki5,1,non-traditional
p1kzmt,1,professional
mzhvia,1,professional
9hg7bw,1,personal
9o9ed0,0,None
6cr2vi,0,None
fd7ml4,1,personal
9oqy6r,1,personal
3sg09y,0,None
j1afp8,1,personal
jfuhes,0,None
oa8k0i,1,non-traditional
4gjhd3,1,personal
fbvkfg,1,professional
6178bf,1,professional
nfbyyw,1,professional
pw7hga,1,professional
ho9m2r,1,professional
pf3nbb,1,professional
71rj18,1,personal
u1q7s4,1,non-traditional
3fu9ef,0,None
krudi7,1,non-traditional
rbbvlk,0,None
asd8vv,1,personal
r56e2v,0,None
a9q9yu,1,personal
rflr0c,1,professional
acahjo,1,personal
c20kf4,1,non-traditional
fkcv76,1,personal
vic2kh,1,professional
ffhncg,1,professional
6d5mmy,1,personal
364s6v,1,professional
6iguiz,0,None
561661,1,personal
kpdaj8,1,professional
bq8dj9,0,None
ptjliy,1,non-traditional
2uo8d5,1,personal
2km1bn,1,personal
jwrgjb,1,professional
t1qne8,1,personal
5sdc3r,1,personal
g2f6b6,1,professional
t612qd,1,personal
4t6fbt,1,professional
oc2pwk,0,None
jdjw7l,0,None
qd8ov0,1,professional
tbhdml,1,non-traditional
2nqw3n,0,None
n7x6o0,1,personal
78yrs6,1,personal
e05pgo,0,None
d80hr3,1,non-traditional
usds5s,1,personal
jcdxz5,1,professional
na9ig4,1,professional
4ptmao,1,personal
n8ya26,1,professional
pcxuru,0,None
buh58x,1,personal
muos7e,1,non-traditional
ipxyl4,1,non-traditional
7paf1y,1,personal
pa63iq,1,professional
ch11sf,1,professional
qexd8l,1,personal
8yzpko,1,personal
dpdvpz,1,professional
oebuw4,1,professional
tpx4wh,1,professional
9lg8vf,1,personal
sx5ijo,1,non-traditional
h0am7p,1,personal
9jlvzp,0,None
ts7gzk,0,None
m34ibe,1,professional
orlfkt,1,professional
rfk8fd,0,None
8jwhgi,1,personal
33lotq,0,None
d6o00x,0,None
kmltc2,1,personal
eirvmc,0,None
juawbn,0,None
ioit8y,1,non-traditional
fo1ztl,1,professional
r7fbnk,1,professional
6ans49,0,None
355egz,0,None
f3yi4u,0,None
ojtzyv,1,professional
nbymk6,1,personal
jn1e8b,1,personal
elfi0h,1,personal
q72hxi,1,professional
6g6tvr,1,professional
hpc6ft,1,personal
m0jmp1,0,None
hsxgm0,0,None
n8u76j,1,personal
k4zzc7,1,professional
uihb3t,1,personal
iuccan,1,professional
s8dotw,1,professional
fr11ze,1,personal
ji83ev,1,professional
qh2ii3,1,professional
pfsib1,1,non-traditional
mg9mss,1,professional
4otw5b,1,personal
b493bz,0,None
i6yrv2,1,personal
i9y158,0,None
j60fkt,0,None
o55595,0,None
sh2ri9,0,None
muf5od,1,professional
o2zvj0,0,None
qjhgrq,1,personal
7mh128,1,personal
eu1vve,0,None
l6r7zv,0,None
4lcxpb,1,non-traditional
31kozr,0,None
p2acue,0,None
6ptqcx,1,personal
evoxc5,0,None
2782k2,0,None
si23t3,1,professional
qnekil,1,professional
9s8jvc,1,professional
9xzr5p,1,personal
s2sf0v,1,professional
bevnbk,0,None
6soehc,0,None
f73eq5,1,personal
q28mqw,0,None
q2wp10,1,professional
gbd0or,1,personal
8z3sz9,1,personal
m6wfgf,0,None
kvkqj7,1,personal
snn17c,0,None
cqnfjy,0,None
ufqi65,0,None
31z05a,1,personal
f9fg8g,1,non-traditional
sbgofg,1,personal
e7lm6t,0,None
6k94ba,1,professional
up114r,0,None
61jukw,0,None
5urfy4,0,None
pxllx1,0,None
txlyjl,1,personal
j7vb8i,1,personal
ilazsc,1,personal
h0f1p7,1,professional
9q506f,1,professional
27d8cq,0,None
2mwjwf,0,None
6b6uzk,1,professional
aj5196,1,professional
sl8v9j,1,professional
23j6ak,0,None
syo7zb,1,personal
232iy4,0,None
vgl9m2,0,None
cgv7ff,0,None
3azo58,0,None
p3xxsc,1,personal
gkyqgb,1,personal
5oc3r2,0,None
ncys36,1,non-traditional
91dlbd,1,personal
u87wje,1,professional
8fqft5,0,None
rbd8at,1,personal
2cd6rh,1,personal
oy6rx8,1,personal
k2520w,1,personal
pwoc7h,0,None
ok7wpi,1,professional
s5fkmg,0,None
8ivtsi,0,None
57yhob,1,non-traditional
8zhs07,0,None
ddfv5i,1,professional
o5faqx,0,None
r3htva,1,professional
fsm8lz,1,personal
6y27kb,0,None
rdorih,1,professional
ok9003,1,personal
t48pwi,1,personal
nd1jt4,0,None
n4edxq,1,personal
6dul8x,1,personal
vk3h33,1,non-traditional
4f3jp8,0,None
onuvwg,1,professional
rr8049,1,professional
mjk8mu,1,personal
syk8wz,1,professional
qptm71,1,professional
4o8cjz,1,non-traditional
a7ezzr,1,personal
hshh45,0,None
qymrqz,1,professional
bbmz4y,0,None
tskn1j,1,professional
78z6tf,0,None
l26ab6,0,None
pl6hv8,1,non-traditional
d07ixc,0,None
3qvp74,0,None
tazr9b,1,professional
p7138x,1,professional
p9t4cq,1,personal
sw9fs3,1,non-traditional
rb4ta5,1,professional
o0x7ah,1,professional
2dr51o,0,None
8f78lz,0,None
mr40f0,1,personal
eo96ic,1,professional
3x73jt,1,professional
6ubskd,0,None
gx59m3,1,professional
7ye9ff,1,personal
syezki,1,personal
kmv8fc,1,professional
nzqiuz,1,professional
kk4iby,0,None
u5hpnr,1,professional
bp1mbk,1,personal
k1oacf,1,professional
smz2q5,1,non-traditional
2gjgvd,1,professional
vjfnf6,1,personal
4v7lel,0,None
ofnrk1,1,professional
krdkd5,0,None
ekmhu4,0,None
58jz7d,0,None
6bsc1i,1,professional
uxdfkz,1,personal
ub6zex,1,personal
kri11x,1,non-traditional
m4d263,0,None
nsszog,1,professional
9gxuv6,1,personal
io089k,0,None
34a8ef,0,None
b5qx6q,1,professional
tyvnga,1,personal
jnvbg7,0,None
qevsvd,1,professional
kkl1kh,1,professional
gf33b7,1,personal
mnkbz8,1,professional
3s4z1f,1,personal
rxm480,1,personal
uzxcqh,0,None
75u4v0,0,None
tz618b,1,personal
24d365,1,professional
cvsdmy,0,None
4w7zqg,1,professional
fnmo0i,1,personal
jvieec,1,personal
ocx58i,1,personal
83zzmz,1,professional
8j9pj7,1,personal
agdleg,0,None
tcscrd,0,None
ic1qu8,0,None
qg457w,1,non-traditional
im2r4f,0,None
pwfkt2,1,professional
dxcifg,0,None
iimjos,0,None
qezfrd,1,professional
e51byt,0,None
oiqsqw,1,personal
q6k9ak,1,professional
f979xy,0,None
qusqg6,0,None
urkdjj,0,None
hkstxz,0,None
qunvw8,1,personal
2glqa0,1,personal
jwpedf,0,None
bneaxg,1,professional
nijp1s,1,professional
a3cj5t,0,None
is4un9,1,professional
ljyp73,0,None
tbj7ek,1,professional
u6vezy,0,None
s0wzgo,1,professional
p1jpvk,0,None
bfzhd3,1,personal
scqusw,1,personal
hwkbb6,1,professional
jjd7zo,1,professional
td7f3u,1,professional
flsyip,0,None
ctn238,1,professional
bfgq4k,1,professional
re1ocd,1,personal
o66srs,1,professional
srlfr7,1,personal
eu34be,1,personal
s7874s,0,None
ofmo02,1,professional
rzmy5d,1,personal
j9kk5h,1,professional
qyg0k1,1,non-traditional
ql38hk,1,professional
kfx0hj,0,None
jrl9de,0,None
tjskc0,1,personal
arrvtg,1,personal
6tjeo5,1,personal
pwv2ga,0,None
dmgfqs,1,professional
sspnxh,1,professional
lm6hy4,1,personal
rzk2o0,1,non-traditional
ktwis7,1,professional
awwe0j,1,professional
g4l3nr,1,personal
qtvrkb,1,personal
l8cq8m,0,None
7k08su,1,personal
4gvoqd,1,professional
889vpr,0,None
98a0u1,1,personal
pz54ej,1,personal
ubxjb5,0,None
q7px2s,0,None
v4uo4p,0,None
rdqf4a,1,professional
o5z3fy,0,None
7ay0tj,1,professional
iyjpav,1,personal
5xj6pl,0,None
4turmg,1,personal
eqjitl,1,professional
r6xzsh,1,non-traditional
uc31c9,1,non-traditional
a9szan,0,None
qw6ihu,1,non-traditional
i95pdz,0,None
jtfj6s,1,professional
lxn1yl,1,personal
mzdbk3,1,personal
a0v8h8,0,None
22h2kh,1,personal
mgjhmh,1,non-traditional
elo3ay,0,None
qyscsm,1,non-traditional
6osjk7,1,personal
fdqi0r,1,personal
966q3r,0,None
k0dcu0,1,professional
ao91fg,0,None
q0xeb2,1,professional
s08qpi,1,personal
nt220g,1,professional
dejwmi,1,personal
46g7k9,1,professional
ua30n2,1,personal
53x1lo,1,professional
6feeqo,0,None
gbbwcl,1,personal
9xop5r,1,professional
hc27r0,0,None
8h9s7e,1,professional
kvq6yf,0,None
f8eoia,1,personal
lf0nzv,0,None
spigh0,1,professional
l8nwx8,0,None
sy1ppe,1,non-traditional
qxl341,1,professional
qzq87w,1,non-traditional
l27yni,0,None
kscftw,1,professional
i5by45,1,personal
2uks0d,0,None
pjpzzu,1,personal
fjyb93,1,non-traditional
b9ssye,0,None
8y4hha,1,professional
gwxt24,1,personal
rmqevj,0,None
nn55hc,0,None
6s59fc,1,professional
7ob5z6,1,professional
fbbj6s,1,professional
f2vyrg,0,None
5rcwa5,1,personal
v700oi,1,personal
pl1cjq,1,personal
azyan2,0,None
he3qzt,1,professional
tqkrzt,1,professional
g42bqd,1,non-traditional
2rg3pp,0,None
ib62lv,0,None
dhv2uc,1,non-traditional
bggv7f,1,personal
toa5uj,1,non-traditional
u0ugo5,1,professional
i1td8h,0,None
uukiqe,1,personal
lrxs30,1,professional
qc7diu,1,professional
ekk863,0,None
3uv726,1,non-traditional
vf5kf1,1,professional
sq0f4l,1,professional
51l09m,1,professional
n10wpm,1,non-traditional
pub9a6,0,None
hs3uqi,1,non-traditional
qzkqy2,1,professional
4v7jri,1,personal
er0tsv,0,None
9658zx,0,None
eupuar,1,personal
dzfdc6,1,personal
96qrf5,1,professional
nmp24d,1,personal
olvfu7,1,non-traditional
jnp2ck,1,non-traditional
v67fu9,1,professional
pk9pm3,0,None
iofzkr,1,personal
t3an6p,0,None
c7x0q8,0,None
po3zdb,1,non-traditional
cyrk4m,1,professional
vjb4cs,1,professional
9758tu,1,professional
dbyesv,1,personal
hpkp2z,1,personal
6r50zu,1,professional
68lti7,0,None
fd5i8y,1,non-traditional
6xqmpi,0,None
qhykrh,1,professional
st7xxy,0,None
jrkr7d,0,None
5obp2p,0,None
p1gzb8,1,professional
7oh603,1,personal
5ud4gc,0,None
jmsqsx,1,professional
gebgos,0,None
jwhlga,1,professional
3xzwdt,1,personal
33psvb,1,professional
62ntfh,0,None
8oclyh,1,personal
icg1gc,1,personal
2b2f1z,0,None
54d4wb,0,None
rl2t3h,1,professional
r6lq97,1,non-traditional
7j7abc,1,non-traditional
ophk24,1,personal
btcby4,0,None
s33jw1,1,professional
rohiqm,0,None
s4n3dh,1,non-traditional
aupxzs,0,None
6gf5xp,1,professional
8k3yd8,1,personal
qge2c4,0,None
tm2t7a,1,professional
nu3l0s,1,non-traditional
6qdq2p,1,professional
ainwer,1,personal
cl55iq,1,personal
vgs8k6,0,None
sl9u6s,1,personal
d2r2jl,1,personal
6ifjyj,0,None
fmetr7,0,None
ol1eiu,0,None
azo8l7,1,non-traditional
ce9zkx,1,personal
80psbe,1,professional
2rbkay,0,None
6c176x,1,personal
erg81q,1,non-traditional
pkt71f,0,None
9n5e5e,0,None
43sd6u,0,None
o4wj0i,1,personal
rgaiax,0,None
ghg202,0,None
f1jp3h,0,None
9679ay,1,personal
7arn72,1,non-traditional
nrjuxe,0,None
o21v62,1,non-traditional
hdl0dh,0,None
5yw2ku,0,None
f1vrni,1,professional
da5ty5,0,None
3wu0z8,0,None
phxalu,1,professional
ujhy90,1,professional
sc0c11,1,professional
30h09s,1,professional
o9acdf,0,None
gnigdm,1,non-traditional
tcspy6,0,None
pdf0un,1,professional
lg8j00,1,personal
goyh0l,0,None
3agmjv,1,personal
hnov5j,1,personal
kfbklo,0,None
uiwxtb,0,None
e6viio,1,professional
ajs94o,1,personal
upbiez,1,personal
9o27v4,0,None
fn1lm9,1,professional
blddu2,1,professional
9dmark,1,personal
nnm9t1,0,None
tauroh,1,professional
ifi3sr,1,professional
too967,0,None
l8toh9,1,personal
c2pzjw,0,None
ql5rq2,1,professional
3d85mx,1,professional
f1xgx6,0,None
5qhr5o,1,professional
2om3u0,1,professional
3j55d9,0,None
uh8mg4,0,None
9d9o2q,0,None
uxwm5p,1,professional
dmixt6,1,professional
j5za5z,1,personal
862z5r,0,None
unzvps,1,personal
3lm0fx,0,None
vjyv9b,0,None
tzczaj,0,None
gzvatp,0,None
m4bqj2,1,non-traditional
90e766,1,professional
5776co,0,None
us2aif,0,None
f8m69g,1,professional
l8mblq,1,personal
g1g5xu,0,None
pury2k,1,professional
9yaitx,1,personal
5s521m,0,None
p6wkca,1,professional
jsulyf,1,professional
orhctt,1,professional
qqdypr,0,None
hgn0nl,1,professional
poyp21,0,None
kh2fk8,1,non-traditional
6v6i5p,0,None
blklw4,1,personal
psc4pe,1,personal
ugyv7a,1,professional
be8f1d,1,professional
appgzp,1,professional
s6jiuf,1,non-traditional
8jecxh,0,None
5xb010,1,personal
dqqyml,1,professional
m5sh4t,1,professional
4liv6u,0,None
58hpk5,1,professional
iwa7wg,1,professional
4kqse2,1,professional
v9m9jb,1,professional
jhfp2b,0,None
q5ycm4,0,None
qgwyvg,1,professional
2zytxp,0,None
47hocc,1,personal
9nxbbf,1,personal
ul5zze,0,None
n1zgwi,0,None
hkdput,1,personal
qon7q3,1,personal
9b0qj3,0,None
glvmrc,0,None
anbzhv,0,None
lckg44,1,non-traditional
tipu5t,1,professional
pdl08y,0,None
p0w1t6,0,None
ilgrna,0,None
oxc455,0,None
antqn1,0,None
v19dkd,1,professional
lk8ges,1,professional
e4mht4,0,None
5bbbbw,1,personal
am490v,1,personal
d592mz,1,non-traditional
8pyuh0,0,None
cyv89w,0,None
ol8cn6,1,professional
6dbpao,1,professional
4wmjne,1,personal
51fzmo,0,None
9or2df,0,None
54fxqu,0,None
r3yn5p,1,personal
nfxgt2,1,non-traditional
vgtj21,0,None
rh7kzv,1,professional
tiarkh,1,professional
tw8ry9,1,personal
ppidwy,1,professional
9otq2s,1,personal
ujgnia,0,None
90wei7,1,personal
pfjzh1,1,personal
6aw4ok,1,professional
obldpx,1,personal
usm4l4,0,None
jiatwm,0,None
ti66v9,1,personal
dg2j2y,0,None
eq8wqr,0,None
mxplke,1,professional
pw8tam,1,non-traditional
8rlsy6,0,None
oylpvu,1,professional
ecwnrn,1,professional
kcfti2,0,None
sc31s1,1,professional
mtuqb7,1,professional
r35v7z,1,personal
p2afcd,1,non-traditional
qe774j,0,None
rm3m0s,1,personal
rrqybj,1,personal
re9gp4,1,non-traditional
orpsvq,1,non-traditional
raeyj7,0,None
75x6nm,1,professional
4gcyde,1,personal
kkk5gn,0,None
tdi12k,1,professional
5d2y75,0,None
ml2126,1,professional
t2qsnu,1,non-traditional
ss57sa,1,professional
rfwnim,0,None
g67qhu,1,personal
a18t2o,1,professional
3myocw,0,None
60ulw5,0,None
gp3j7m,1,professional
ctv4mp,0,None
adzo7w,1,personal
iz4pf1,1,professional
lbfdis,1,professional
c4xvs2,1,professional
db2jc2,0,None
j78pvb,1,personal
q91amc,0,None
oz0ty7,1,professional
4hdrye,0,None
tixk13,1,personal
dt62yy,1,personal
it04oz,0,None
h0mv9j,1,professional
r6sd85,1,professional
8dt3ql,1,professional
keh88c,1,personal
nkqe7l,0,None
jmckjz,0,None
9d0wfe,1,professional
tu49br,1,non-traditional
jsh7wr,0,None
89alzu,1,personal
ifv7gl,1,professional
3a53ri,0,None
3h4w5s,0,None
2d1ari,0,None
f270oz,0,None
nczqc9,0,None
o0gcdg,1,personal
l02rv0,0,None
gqhik7,1,personal
8ncl7x,0,None
92qics,0,None
kzj3os,0,None
sxgrb6,0,None
nazmld,1,non-traditional
3wd3ag,0,None
4xaejb,0,None
5gs4f2,1,personal
7hagh2,0,None
63fdtb,1,personal
bj3bd4,0,None
6n8jhk,0,None
n9u4tj,1,non-traditional
n7x2gg,0,None
9wogjv,1,professional
lmlt09,1,professional
qiwg4s,0,None
npy0vi,1,professional
ij0xk8,1,personal
ub5vhb,1,personal
3kw7zj,1,personal
ow38xl,0,None
f8g5zo,1,personal
qajpww,1,professional
qx5l14,1,professional
7j8si4,1,personal
ff2uzs,0,None
l7kcj6,1,professional
ktde27,0,None
nerosc,1,personal
rouum9,0,None
342apv,0,None
5ux8c2,0,None
mkptp4,1,professional
kln91b,0,None
p4da0p,0,None
7ecmv2,1,non-traditional
vbzhwi,0,None
qdhlv0,1,non-traditional
iijya0,1,non-traditional
nw520x,1,professional
8utdia,1,professional
f67nfr,0,None
pg5izp,1,non-traditional
n6qg3v,1,professional
3pgq24,1,personal
jtjyw1,1,personal
lkvxz8,1,non-traditional
ozix8u,1,professional
nvdst2,1,professional
4i7285,1,professional
j66bkp,0,None
f5n0sd,1,professional
5icw6u,1,personal
amww2j,1,professional
rl2kyr,1,personal
t5108l,1,professional
2uro1s,1,personal
s8i6xh,1,non-traditional
ord77b,0,None
sx8upe,1,personal
rh0e8v,1,personal
np8fe7,1,personal
urbref,0,None
p1gges,1,professional
7eiful,0,None
ot5bn8,1,professional
nmqyms,1,non-traditional
nmccpv,1,personal
2hy9cp,0,None
3rikqn,1,personal
57z7aq,1,professional
kna5ws,1,non-traditional
cdqh17,1,personal
cjgq2p,1,personal
4vrczo,0,None
dmtbgk,1,professional
3ihyts,1,professional
sf2ufe,0,None
rx6m3f,1,professional
u0z027,1,professional
l79fy3,0,None
bes3fj,1,personal
pd5v2z,1,personal
u6vrv7,0,None
4miyh2,1,professional
mhjntb,0,None
5d7ivp,0,None
vbj77l,1,non-traditional
u310ul,1,personal
kmx1dx,0,None
bk0it3,0,None
hxfigp,1,professional
tspd5k,1,non-traditional
2eu5z4,1,personal
i87meg,1,professional
4bdcz9,1,professional
2mab4t,1,personal
rnoulw,0,None
ni7yss,1,non-traditional
n79uv9,1,personal
v757s1,1,personal
60j711,0,None
k94umy,1,professional
9iwe3n,0,None
esqqu1,0,None
r8fk58,0,None
sxdz0r,1,professional
bc9gus,1,professional
jllcbv,1,professional
l9pf8e,0,None
seqoz2,1,professional
kf8jxi,1,professional
ji3ged,0,None
t1u305,1,personal
tbke84,1,professional
bxafnv,0,None
g6yr1x,0,None
37pk3a,0,None
n1n3gu,0,None
raavir,0,None
riiy6j,1,professional
61fa3y,0,None
onsptw,1,non-traditional
q8hkdt,1,professional
pnww2i,1,personal
5el53e,0,None
grpguv,1,personal
nvlfaz,1,professional
s0lo9u,0,None
qzs0vr,1,personal
ktw34a,0,None
kmfdp7,0,None
o03v0y,1,non-traditional
7j544w,1,professional
hts6oq,1,professional
pso04x,0,None
318ygh,1,personal
ugrmt7,1,professional
n00lzg,1,professional
fpky5e,1,professional
ogy80q,0,None
9udxxy,1,professional
lj8f5x,1,personal
m582kr,1,professional
2bfre4,1,personal
msc1vd,1,personal
gw7k90,0,None
i3tpk0,0,None
2l9q07,1,non-traditional
tul34n,1,professional
mu7z3b,1,professional
766gj1,1,personal
oa2un5,1,professional
sp6lld,0,None
4jgl8d,1,professional
ri0yxu,1,professional
50jk09,0,None
m50vze,1,professional
721305,1,personal
ey4ksh,1,personal
k1alfo,1,personal
b6e090,1,non-traditional
tnm3lf,1,professional
j1r63i,1,personal
nwbptx,1,professional
f92o3t,1,personal
at5dpj,1,personal
4qhti7,0,None
307ey1,1,professional
mgu40y,1,non-traditional
7jcmvt,0,None
4z6kle,1,professional
j8mhpu,1,professional
culw3e,1,personal
ui12pn,0,None
t5w9t2,0,None
39860i,0,None
3wf6eq,0,None
cjkyy3,1,personal
3zulnv,0,None
o9hetl,1,professional
5swafd,1,personal
u189rl,1,personal
6t7i3d,0,None
om4h6v,1,personal
scvhau,1,non-traditional
j2lwod,1,non-traditional
qbob65,1,personal
qbwkvb,1,professional
hvq197,0,None
r94zzp,1,professional
auvb1j,1,professional
cez0ak,1,professional
e2ziu9,0,None
fk7yme,1,personal
f3nrn2,1,professional
ra0sfe,1,personal
nf00gv,0,None
pd5ui5,0,None
kb83hm,1,personal
qkwp2j,1,professional
d7ehvt,1,professional
o11uuk,1,personal
9z8guh,0,None
bgcavg,1,personal
b1eqae,0,None
tmqcne,1,personal
7nw8jc,0,None
6cueqz,0,None
od7wwq,0,None
hv374q,1,non-traditional
3yy80a,0,None
gpcm45,1,personal
61dyo5,0,None
j22zuo,0,None
umdrpl,1,personal
cjdm07,1,non-traditional
tjkys1,1,non-traditional
7svrxt,0,None
guqier,1,professional
o9px62,0,None
m0ttrw,0,None
l6ndve,0,None
dbmevk,1,professional
twcej3,0,None
65hf95,1,non-traditional
jye61q,1,professional
kbllc3,0,None
qdbj97,1,professional
aoc1rk,1,personal
mexuvs,1,non-traditional
717fvg,1,professional
pvxj6e,1,personal
bimh42,1,personal
62sjsp,0,None
q2r74v,1,professional
n690l5,0,None
lc3y17,0,None
ohhtjp,1,personal
ibfuyb,1,personal
v054re,0,None
p9r5nz,0,None
2yylpk,0,None
pyazo5,1,personal
m5m318,1,non-traditional
fjv4r4,1,personal
ugvra3,1,professional
uxaing,1,professional
lt83ci,1,professional
7ddnr1,1,personal
khti1t,0,None
6lqj2a,1,personal
sok18g,1,personal
u2zg2z,1,non-traditional
b1g7gm,1,personal
ndqttg,1,personal
fxytpa,1,personal
23x168,0,None
9511hi,0,None
pjwws9,1,non-traditional
5unkp3,1,personal
dvt1lb,0,None
loabn1,0,None
rta2n0,1,professional
gk7tns,1,personal
8wnbp5,1,professional
tds4vk,1,personal
fgnn0h,1,personal
s989qk,1,personal
81ag2v,1,personal
sjzjnk,1,professional
mqsapk,1,professional
txdz5m,1,professional
dlvpax,1,personal
4lyio6,0,None
v32euk,1,non-traditional
udqoi7,1,personal
sfe4bg,1,non-traditional
rht9xt,0,None
rctd7x,1,personal
3xpk7y,0,None
suycmn,1,non-traditional
d6q7ne,1,personal
trtnqj,1,professional
ba1dxk,1,professional
rtyj4k,0,None
itlmmb,1,professional
tip6lj,1,personal
ckh073,0,None
3m8yuk,0,None
ksbptd,1,personal
sde8qy,1,professional
un4mfa,1,professional
d59kfz,1,professional
pxd6oo,1,personal
kw1bd5,1,non-traditional
pk3pgm,0,None
699744,1,personal
hi1ayp,1,non-traditional
n53ekm,0,None
nuwvmm,1,personal
awlxbb,0,None
2ecu0y,1,professional
cfg3gf,0,None
hr0ule,0,None
l1i1ip,0,None
5dvn5c,1,professional
sbywjs,1,professional
g4acg4,1,personal
vatypo,1,non-traditional
8m9euc,0,None
azx72k,1,professional
vba61e,1,personal
ob536g,0,None
e7k56r,1,personal
qyy7so,1,non-traditional
kwo7lc,1,professional
28r0ff,1,personal
t07wgd,1,personal
vj5jpf,1,personal
tqu8lz,1,professional
s7vxa1,1,personal
30ojem,0,None
4dv48s,0,None
r48zzo,1,personal
g9a0in,0,None
41wfjd,1,personal
ve3w50,1,professional
v99u0l,1,non-traditional
779zug,1,professional
ogt0qy,0,None
i2py21,1,personal
rvl2uh,1,personal
4635oo,1,personal
ibzrhe,1,personal
ka6xgn,1,non-traditional
lg7nru,1,personal
olpbc3,1,professional
aon4hl,1,personal
ndcaim,1,professional
hz4r4p,0,None
6n3ymq,0,None
5jbadf,1,personal
35jgdo,0,None
8uv2bb,0,None
qem01l,1,non-traditional
i471p4,1,personal
svobdp,0,None
e57e1b,1,non-traditional
sq8ibj,1,personal
pjeug3,1,non-traditional
l10nuf,0,None
v3jgyf,0,None
pk9jvr,1,personal
v6mgbs,0,None
pfwfqz,0,None
c1m3pv,0,None
i6hj63,1,personal
sttpqb,0,None
5l2f98,0,None
8zhfe9,0,None
4yibpy,1,non-traditional
nl0zwh,1,professional
ltl5ll,0,None
m3b1lo,0,None
qkbcic,1,professional
q0pckh,1,professional
gsalt0,1,non-traditional
hs72ig,1,professional
eyneg7,1,personal
ei0exl,0,None
roel2c,1,personal
oc6hs4,0,None
63t71w,1,professional
2pbquq,1,professional
5ls0mx,0,None
assl8l,1,personal
krr1qj,1,personal
a1m0z7,1,non-traditional
jbj4bf,1,non-traditional
lu20l3,0,None
rasna8,0,None
ped4ut,0,None
9cmzhm,0,None
k9pfmc,1,personal
c71kzr,1,non-traditional
4hvq7p,1,personal
9oao89,1,personal
g8mh5a,1,non-traditional
9agf3o,1,professional
3zr4qm,0,None
sw6pnp,1,personal
6kclh5,0,None
txip9o,1,professional
d9jcj6,1,professional
dpqqjw,0,None
izyb5b,0,None
jm5bjf,1,personal
rq3en0,0,None
m18azn,1,professional
7zseu2,0,None
oelczi,1,professional
g3lpcf,0,None
3xk0jr,1,personal
461nsz,0,None
tzkt6b,0,None
3gsfke,1,non-traditional
q93elb,0,None
3cp91s,1,professional
3cuqdj,1,professional
j3ehlk,1,personal
h0w0i4,1,non-traditional
thf17s,1,professional
hzu5rg,1,personal
3zrygz,1,personal
c2vuvi,1,professional
7vfnap,0,None
6ery18,0,None
ciug1u,0,None
o14suz,1,personal
4ifz5p,1,personal
6sqgwf,0,None
7mdvr7,1,personal
mkt9wy,0,None
66jbnv,0,None
ispa65,0,None
jsa7q7,1,professional
pn1w85,0,None
k12b9p,1,personal
i801dk,0,None
bh4r8d,1,personal
gqmq9s,0,None
shb8t5,0,None
77iuhm,1,personal
bxp61n,1,personal
cyk7h6,0,None
8b9kzr,0,None
blrzsc,0,None
tk02ou,0,None
rbnka5,0,None
jsrxk4,1,personal
s4uire,1,professional
7eg8zi,1,personal
g2m83k,1,personal
souenn,1,personal
svvrbz,1,professional
5fy3ap,0,None
j0v317,1,professional
nqsu2p,1,professional
bh1px5,0,None
cx3x9j,0,None
oe8a7y,1,professional
iddq8z,0,None
65c0hj,1,professional
hj1vuc,1,personal
pnnud4,1,professional
s7izn8,1,professional
e37eq4,1,professional
ce2xu1,1,professional
4aycqb,1,non-traditional
7rfw6w,0,None
ub6i5n,1,professional
lrlfon,1,non-traditional
czdybk,1,personal
mf6dnl,1,professional
qx6yn9,0,None
9g7mvx,1,personal
9hnxqp,0,None
9i9tfi,0,None
9iy32k,0,None
9kqsmb,0,None
9kvkba,1,professional
9l469g,0,None
9n6lc6,0,None
9nubky,0,None
9nwkls,0,None
9nxael,0,None
9onio6,0,None
9poc98,1,professional
9qissb,0,None
9r5z1l,1,personal
9rzz5d,0,None
9uux38,0,None
9vezbl,0,None
9vjwoz,1,personal
9y0pow,1,personal
9zupeu,0,None
a15n8j,0,None
a1lmav,1,personal
a1wna2,0,None
a2j5fr,0,None
a3wh52,1,professional
a5c1di,0,None
a5wdrp,1,non-traditional
a68qui,1,professional
a6ihym,1,non-traditional
a89b54,1,professional
a92uiz,1,personal
aactni,1,professional
abc0bq,0,None
ace885,1,professional
adc028,1,personal
ae54zm,1,professional
ae8l9h,0,None
3w41is,0,None
3xcfld,0,None
43zxry,0,None
460oia,0,None
48omcz,0,None
48wtti,0,None
4be7eg,1,personal
4cpv3k,0,None
4eb9ce,0,None
4fsw5a,0,None
4hb49v,0,None
4st6l2,0,None
739kth,0,None
74o03w,0,None
74w1by,0,None
7acfvx,0,None
7b0ism,0,None
7c04v0,1,personal
7dzmgw,0,None
7j4gbb,0,None
7jjd9e,0,None
7jn581,0,None
7jz100,1,professional
7n2eof,0,None
7s0pec,0,None
7u0int,1,personal
7ut12w,1,professional
7wxc9l,1,personal
7x2g8c,1,personal
7y77vh,0,None
83h37u,0,None
aey1b2,0,None
afb5x5,0,None
afi5zf,0,None
ah9be4,0,None
ahnpfg,1,personal
ajgnad,1,professional
alygkv,1,personal
amsnb3,0,None
an3axj,0,None
ao8esj,0,None
aqp0kh,0,None
asewg1,1,professional
asfyss,0,None
aso7rz,1,personal
atrktg,0,None
avr6jo,1,personal
aw9n2n,1,non-traditional
axv1y6,0,None
ay72rp,0,None
b0ps5a,1,professional
b0s6vt,1,personal
b39nri,0,None
b3abvo,0,None
b465mb,0,None
b7soxo,0,None
b97yag,0,None
bbm4br,1,professional
bcuy5q,0,None
bcyms9,0,None
bdqnyp,1,professional
bfj605,0,None
bg0lft,1,professional
bj00f4,0,None
bjb2kx,0,None
bjgnh3,0,None
bjpy7i,1,personal
bk5msk,0,None
bkcrgr,0,None
4xhl45,0,None
4zvjw8,0,None
53bke0,0,None
54cbbz,0,None
5a24hv,0,None
5g8xou,1,personal
5id7pb,0,None
5mgt54,0,None
5n8hk9,0,None
5nbbu5,1,professional
5s6qwo,1,personal
5wlhat,0,None
5xyz36,0,None
5zhqyh,0,None
blkjpx,0,None
bmq8ex,0,None
bp1ee1,1,personal
bp9puf,0,None
bph63i,0,None
bpo06h,1,personal
bq5xf5,1,personal
bqhk7t,0,None
bsb7x4,1,personal
btfqbl,0,None
bu5yd4,1,non-traditional
bwmut2,1,professional
bx512f,1,professional
bxn0o4,0,None
c0ftez,0,None
c0xty4,1,non-traditional
c1dhtw,1,professional
c2fdaj,1,personal
c3kco2,1,personal
c56jl1,0,None
c5860e,0,None
c5bzd3,0,None
c5u1ho,0,None
c6grk8,0,None
c82f9v,0,None
c8t0dh,1,non-traditional
c9a74c,0,None
c9hsq9,0,None
ca96oj,0,None
casynl,1,personal
ccj2v9,1,professional
cd9aog,0,None
ceap0k,1,professional
cf8apv,0,None
chaloa,1,professional
cicori,1,professional
cjyw5q,1,personal
clc5zw,1,personal
clcbrm,0,None
84mhbu,0,None
859d6v,1,personal
85r2t3,0,None
8694tt,1,personal
86fahy,0,None
86fs20,0,None
89qrad,1,personal
8afhq4,1,non-traditional
8aybgl,1,professional
8bsm2a,0,None
8c97nj,1,professional
8e3a4z,0,None
8em0f3,0,None
8gziic,1,non-traditional
8mea4c,1,personal
8mtsme,0,None
8mxhty,0,None
8n3u8g,0,None
8nkxxl,1,personal
8odrk0,1,professional
8oxahm,1,professional
8ozay3,0,None
8swwsf,1,personal
8ujcgu,1,personal
8uqfmo,0,None
8uvztu,0,None
8x007h,0,None
8ycc4l,0,None
8yepey,1,personal
8ykuyf,1,personal
8yu4b3,1,personal
8yz3y8,0,None
8zawhq,0,None
8zva1w,0,None
90pyw1,0,None
956m8a,0,None
960hf0,0,None
965id8,1,personal
98axj4,1,personal
98tc6h,0,None
9au5wv,1,non-traditional
9axc8q,1,professional
641fph,0,None
659zxo,0,None
65lz2q,1,professional
6d66qj,0,None
6dljry,0,None
6fr2cr,0,None
6gto3x,0,None
6ksvtb,0,None
6lh838,1,personal
6n5pq1,1,professional
6pg61c,1,personal
6qtz40,1,non-traditional
6rhqwy,0,None
6sagfu,1,non-traditional
6t6ctd,0,None
6t6fr3,1,personal
6tyzgi,1,personal
6vi6gf,0,None
6wzfs4,0,None
6xs8x1,0,None
6y0m9d,1,professional
6zdh16,0,None
70rwql,1,personal
70sabx,1,personal
cml9rh,0,None
cnic7u,1,professional
cqgo6k,0,None
cs243v,0,None
ctbih2,0,None
ctiksx,0,None
cuykax,1,personal
cv8kas,1,personal
cvetp5,0,None
717lyj,0,None
724eyv,0,None
72wmrb,0,None
p5jwjn,0,None
